text/csvEmployee Name,Date of Birth,Phone,Company,Address
Stacy Pe,2004-01-12,541.223.3190,Gibbs PLC,<bound method Provider.address of <faker.providers.address.en_US.Provider object at 0x0000023516282BB0>>
Jessica Patte,1970-04-18,399-073-1221x6670,"Lee, Young and Moran",<bound method Provider.address of <faker.providers.address.en_US.Provider object at 0x0000023516282BB0>>
Tina Rodr,1987-02-20,4801472152,"Allen, Waters and Wagner",<bound method Provider.address of <faker.providers.address.en_US.Provider object at 0x0000023516282BB0>>
Jasmine Hamilton,1980-04-07,140-559-5688,Mills-Maldonado,"254 Bell Tunnel Apt. 603
New Jennifer, WI 09351"
Matthew Robertson MD,2010-07-26,001-330-390-9672,Avery Ltd,"1555 Megan Inlet
South Eric, VT 50607"
Rebecca Potter,1990-02-12,(200)774-1575,Harrington-Munoz,"888 Daniel Expressway Suite 850
West Thomas, ID 16257"
Thomas Lopez,2014-03-01,3893991310,Moss-Moore,"42691 Stephen Terrace Apt. 981
Lisaburgh, NE 02374"
David Payne,2014-05-23,(384)521-4114,Weiss Ltd,"Unit 5133 Box 7662
DPO AP 87612"
Bonnie Miller,1989-10-02,(977)149-9511x474,Aguirre-Johnston,"16093 Carrillo Crossroad
Pacefurt, MA 17431"
Barbara Carter,2008-07-16,(075)975-0338x42286,"Paul, White and Holland","120 Munoz Parkways
Mercadoton, LA 15860"
Marissa Lewis,1997-09-10,219.819.1994x148,Walker-Reyes,"PSC 2895, Box 1767
APO AA 36217"
Alexa Wright,1995-08-22,996-104-3300,"King, Roth and Ford","54406 Rios Overpass Suite 541
Jenniferfurt, GA 76594"
Patricia Martinez,1986-04-16,001-856-453-6666,"Ford, Stanley and Castillo","508 Mary Roads Apt. 904
East Leslie, MS 78488"
Nicole Holmes,1979-08-17,638-557-8156x82580,Jones-Hall,"4806 White Rue
West Peter, DE 43394"
Derrick Phillips,1971-02-10,233-342-6887,"Contreras, Weber and Graves","67951 King Greens
Jamieside, MS 89132"
Brittany Collins,1988-12-21,001-630-882-2036x51188,Cunningham-Lewis,"9513 Anderson Path
Lindashire, MI 34850"
David Mueller MD,2014-12-26,001-590-667-3385x2259,"Watson, Atkinson and Grimes","30233 Lindsey Club Suite 648
Santiagoborough, MI 96084"
Jesse Miller,2014-12-18,+1-151-027-4128x546,"Yang, Walker and Kirby","602 Kaitlyn Heights
Lake Jackmouth, TX 45235"
Luke Richardson,1987-03-28,563-158-5134x11045,"Johnson, Gould and Murphy","4582 Christina Garden
Lake Christopherton, MA 29203"
Jodi Martinez,2017-11-29,001-733-044-7502x2481,Mccall-Chen,"93555 Turner Islands Suite 186
East Garytown, OK 21373"
Brenda Davis,1991-11-20,214-108-2986,"Jennings, Sims and Rodriguez","PSC 8111, Box 1672
APO AE 07612"
Sarah West,1985-12-16,920.969.0342x474,"Goodwin, Davis and Castillo","349 Kyle Hills Apt. 518
Barbaraborough, IN 88431"
David Smith,2018-03-25,+1-413-555-7296x4805,Walter-Scott,"987 Cohen Bypass Apt. 040
North Madelineland, DE 76207"
Edward Rodriguez,1976-07-11,933.998.7906x464,Hobbs and Sons,"747 John Station
Port Amychester, AZ 62285"
Gwendolyn Gonzalez,1996-02-06,001-959-876-7640,"Montgomery, Gardner and Little","447 Nathan Mount
Amandachester, MN 95943"
Connor Williams,1997-04-23,5474551345,Webb-Johnson,"564 Latoya Mountains
West Patrickborough, WA 61365"
Margaret Carter,2008-03-25,651-089-2679,"Butler, Kennedy and Huff","7307 Madison Spring Apt. 093
South Gregory, NV 25454"
Mary Kaiser,1991-08-20,436.401.4370x446,"Esparza, Murray and Jackson","3364 Ryan Falls
Kaylamouth, AZ 83579"
April Patrick,2016-09-14,+1-905-615-6662x6791,Hayes-Williams,"79863 Marie Alley
New Brooketown, NM 64086"
Jeffrey Smith,1974-02-20,517.424.7702,Hutchinson Inc,"392 Robert Wells
Lake Amy, LA 13290"
Steve Diaz,1979-12-03,650-145-9300,Dorsey-Robinson,"63408 Tran Dam
West Sharon, UT 00873"
Ashley Edwards,1986-11-02,8645164065,Mitchell-Johnson,"45692 Rebecca Drives Suite 894
North Jeremyborough, KY 90890"
Charles Hernandez,1972-10-10,569-964-7465x530,Jones Group,"62579 Estes Fields Suite 346
Stephanietown, AK 93067"
Dr. Tracy Harper DVM,1988-09-08,879.492.6636x941,Turner-Herrera,"81691 Anderson Glen
Wongfort, NJ 56000"
Dominique Sanders,2002-03-20,3139478881,Molina-Rodriguez,"9552 Joseph Ridges Suite 585
New Jasonville, IN 04537"
Stacey Taylor,1986-06-06,043.695.6509x822,King Inc,"7833 Jennifer Islands
Pruittfort, MA 57098"
Angela Leblanc,2008-04-27,001-414-531-4676x1029,Keller-Atkinson,"637 Gross Port Suite 049
Browntown, WA 06268"
Nicole Lawrence,2020-12-26,4131274000,Stevenson-Harrison,"31906 Linda Street Suite 895
Hawkinsville, NE 98389"
John Smith,1972-10-31,(726)972-0315x346,Vincent Group,"9767 Steven Forest Apt. 364
Amyton, ME 85013"
Chelsea Boyd,2006-03-29,001-963-492-4409x1704,Carroll-Mendez,"USNS Bridges
FPO AE 66721"
Misty Bailey,2011-11-10,+1-797-624-5307,Garner Inc,"62343 Laura Islands
Nguyenchester, NE 25370"
Darren Rogers,1990-07-15,5328490864,Taylor-Hoover,"0202 Victoria Cliff Suite 306
East Anthony, UT 99558"
Lauren Garcia,1990-07-23,697-701-4542x674,Duncan Ltd,"12476 Wright Corners Suite 876
New Rebekahbury, GA 07182"
Lisa Scott,1980-02-18,310.147.3347,"Elliott, Carey and Nguyen","6967 Pugh Overpass Suite 546
West Allisonberg, KY 27233"
Lisa Wheeler,1973-06-26,001-013-286-0281x266,Robles-Wagner,"43688 Jared Trace Suite 964
East Kristinburgh, DE 09846"
Dalton Graham,1971-03-02,+1-174-176-9632,Thompson and Sons,"52070 Williams Mews Suite 461
Mikeview, AL 95671"
Debra Woods,2002-10-05,230-386-6718x186,"Guzman, Bradford and Jefferson","Unit 6159 Box 6376
DPO AE 86960"
Stacy Wolfe,1974-04-20,462-608-1174,Gonzalez Inc,"Unit 3744 Box 0814
DPO AP 53563"
Pamela Griffin,2021-03-25,167.718.4165x0990,Petty and Sons,"98310 Ruiz Fall Suite 892
South Davidshire, FL 04270"
James Robinson,2009-12-17,7605075009,Bell Inc,"146 Lowe Club
Phelpshaven, IL 59323"
Margaret Hughes,2021-04-05,061.516.2970x2375,Miranda-Medina,"8814 Smith Centers Suite 114
Michaeltown, DE 62881"
Robert Torres,2008-03-07,714.090.6856,Mendoza-Johnson,"7855 Deanna Common Apt. 510
Port Jenniferborough, NV 65784"
Andres Tucker,2003-08-19,8415819594,"Kennedy, Boyd and Jackson","8239 Wade Trail Apt. 496
Lake Allisonmouth, VT 83682"
Andres Tucker,2003-08-19,8415819594,"Kennedy, Boyd and Jackson","8239 Wade Trail Apt. 496
Lake Allisonmouth, VT 83682"
